城市,地址
天津,https://you.ctrip.com/travels/tianjin154.html
承德,https://you.ctrip.com/travels/chengde135.html
大同,https://you.ctrip.com/travels/datong275.html
秦皇岛,https://you.ctrip.com/travels/qinhuangdao132.html
张家口,https://you.ctrip.com/travels/zhangjiakou497.html
保定,https://you.ctrip.com/travels/baoding459.html
石家庄,https://you.ctrip.com/travels/shijiazhuang199.html
丰宁,https://you.ctrip.com/travels/fengning568.html
唐山,https://you.ctrip.com/travels/tangshan200.html
围场,https://you.ctrip.com/travels/weichang2584.html
昌黎,https://you.ctrip.com/travels/changli1835.html
廊坊,https://you.ctrip.com/travels/langfang582.html
张北,https://you.ctrip.com/travels/zhangbei2575.html
涞源,https://you.ctrip.com/travels/laiyuan2549.html
正定,https://you.ctrip.com/travels/zhengding2581.html
霸州,https://you.ctrip.com/travels/bazhou1834.html
涞水,https://you.ctrip.com/travels/laishui2545.html
蔚县,https://you.ctrip.com/travels/yucounty2565.html
多伦,https://you.ctrip.com/travels/duolun2967.html
沧州,https://you.ctrip.com/travels/cangzhou540.html
上海,https://you.ctrip.com/travels/shanghai2.html
北京,https://you.ctrip.com/travels/beijing1.html
天津,https://you.ctrip.com/travels/tianjin154.html
重庆,https://you.ctrip.com/travels/chongqing158.html
香港,https://you.ctrip.com/travels/hongkong38.html
澳门,https://you.ctrip.com/travels/macau39.html
台北,https://you.ctrip.com/travels/taipei360.html
高雄,https://you.ctrip.com/travels/kaohsiung756.html
台中,https://you.ctrip.com/travels/taichung1369.html
新北,https://you.ctrip.com/travels/newtaipeicity2063.html
桃园,https://you.ctrip.com/travels/taoyuan1439.html
花莲,https://you.ctrip.com/travels/hualien1366.html
台南,https://you.ctrip.com/travels/tainan757.html
屏东,https://you.ctrip.com/travels/pingtung1364.html
宜兰,https://you.ctrip.com/travels/yilan1383.html
南投,https://you.ctrip.com/travels/nantou759.html
台东,https://you.ctrip.com/travels/taitung760.html
新竹,https://you.ctrip.com/travels/hsinchu1197.html
嘉义市,https://you.ctrip.com/travels/chiayicity758.html
嘉义县,https://you.ctrip.com/travels/chiayicounty3182.html
澎湖,https://you.ctrip.com/travels/penghu1367.html
苗栗,https://you.ctrip.com/travels/miaoli3199.html
基隆,https://you.ctrip.com/travels/jilong1382.html
新竹县,https://you.ctrip.com/travels/hsinchucounty3198.html
三亚,https://you.ctrip.com/travels/sanya61.html
海口,https://you.ctrip.com/travels/haikou37.html
万宁,https://you.ctrip.com/travels/wanning846.html
陵水,https://you.ctrip.com/travels/lingshui1509.html
琼海,https://you.ctrip.com/travels/qionghai843.html
儋州,https://you.ctrip.com/travels/danzhou841.html
文昌,https://you.ctrip.com/travels/wenchang1007.html
东方,https://you.ctrip.com/travels/dongfang842.html
保亭,https://you.ctrip.com/travels/baoting1009.html
乐东,https://you.ctrip.com/travels/ledong981.html
澄迈,https://you.ctrip.com/travels/chengmai2457.html
昌江,https://you.ctrip.com/travels/changjiang2456.html
五指山,https://you.ctrip.com/travels/wuzhishan982.html
临高,https://you.ctrip.com/travels/lingao2458.html
琼中,https://you.ctrip.com/travels/qiongzhong844.html
定安,https://you.ctrip.com/travels/dingan2021.html
白沙,https://you.ctrip.com/travels/baisha2455.html
屯昌,https://you.ctrip.com/travels/tunchang845.html
三沙,https://you.ctrip.com/travels/sansha120101.html
杭州,https://you.ctrip.com/travels/hangzhou14.html
宁波,https://you.ctrip.com/travels/ningbo83.html
舟山,https://you.ctrip.com/travels/zhoushan479.html
温州,https://you.ctrip.com/travels/wenzhou153.html
桐乡,https://you.ctrip.com/travels/tongxiang220.html
安吉,https://you.ctrip.com/travels/anji686.html
湖州,https://you.ctrip.com/travels/huzhou68.html
绍兴,https://you.ctrip.com/travels/shaoxing18.html
德清,https://you.ctrip.com/travels/deqing1011.html
义乌,https://you.ctrip.com/travels/yiwu1005.html
淳安,https://you.ctrip.com/travels/chunan2249.html
台州,https://you.ctrip.com/travels/taizhou402.html
嘉兴,https://you.ctrip.com/travels/jiaxing272.html
金华,https://you.ctrip.com/travels/jinhua219.html
余姚,https://you.ctrip.com/travels/yuyao98.html
桐庐,https://you.ctrip.com/travels/tonglu688.html
长兴,https://you.ctrip.com/travels/changxing1832.html
丽水,https://you.ctrip.com/travels/lishui441.html
嘉善,https://you.ctrip.com/travels/jiashan1019.html
衢州,https://you.ctrip.com/travels/quzhou174.html
广州,https://you.ctrip.com/travels/guangzhou152.html
深圳,https://you.ctrip.com/travels/shenzhen26.html
珠海,https://you.ctrip.com/travels/zhuhai27.html
佛山,https://you.ctrip.com/travels/foshan207.html
东莞,https://you.ctrip.com/travels/dongguan212.html
惠州,https://you.ctrip.com/travels/huizhou213.html
汕头,https://you.ctrip.com/travels/shantou215.html
清远,https://you.ctrip.com/travels/qingyuan517.html
潮州,https://you.ctrip.com/travels/chaozhou467.html
湛江,https://you.ctrip.com/travels/zhanjiang202.html
中山,https://you.ctrip.com/travels/zhongshan233.html
揭阳,https://you.ctrip.com/travels/jieyang835.html
肇庆,https://you.ctrip.com/travels/zhaoqing269.html
江门,https://you.ctrip.com/travels/jiangmen362.html
惠东,https://you.ctrip.com/travels/huidong956.html
阳江,https://you.ctrip.com/travels/yangjiang363.html
汕尾,https://you.ctrip.com/travels/shanwei624.html
韶关,https://you.ctrip.com/travels/shaoguan222.html
龙门,https://you.ctrip.com/travels/longmen2949.html
茂名,https://you.ctrip.com/travels/maoming615.html
南京,https://you.ctrip.com/travels/nanjing9.html
苏州,https://you.ctrip.com/travels/suzhou11.html
无锡,https://you.ctrip.com/travels/wuxi10.html
常州,https://you.ctrip.com/travels/changzhou206.html
扬州,https://you.ctrip.com/travels/yangzhou12.html
徐州,https://you.ctrip.com/travels/xuzhou230.html
南通,https://you.ctrip.com/travels/nantong85.html
昆山,https://you.ctrip.com/travels/kunshan77.html
淮安,https://you.ctrip.com/travels/huaian351.html
盐城,https://you.ctrip.com/travels/yancheng493.html
连云港,https://you.ctrip.com/travels/lianyungang238.html
镇江,https://you.ctrip.com/travels/zhenjiang13.html
溧阳,https://you.ctrip.com/travels/liyang598.html
泰州,https://you.ctrip.com/travels/taizhou494.html
宜兴,https://you.ctrip.com/travels/yixing227.html
常熟,https://you.ctrip.com/travels/changshu101.html
张家港,https://you.ctrip.com/travels/zhangjiagang203.html
太仓,https://you.ctrip.com/travels/taicang255.html
江阴,https://you.ctrip.com/travels/jiangyin235.html
宿迁,https://you.ctrip.com/travels/suqian492.html
青岛,https://you.ctrip.com/travels/qingdao5.html
济南,https://you.ctrip.com/travels/jinan128.html
烟台,https://you.ctrip.com/travels/yantai170.html
威海,https://you.ctrip.com/travels/weihai169.html
泰安,https://you.ctrip.com/travels/taian746.html
淄博,https://you.ctrip.com/travels/zibo536.html
潍坊,https://you.ctrip.com/travels/weifang226.html
临沂,https://you.ctrip.com/travels/linyi480.html
日照,https://you.ctrip.com/travels/rizhao622.html
济宁,https://you.ctrip.com/travels/jining658.html
曲阜,https://you.ctrip.com/travels/qufu129.html
菏泽,https://you.ctrip.com/travels/heze708.html
枣庄,https://you.ctrip.com/travels/zaozhuang656.html
德州,https://you.ctrip.com/travels/dezhou603.html
聊城,https://you.ctrip.com/travels/liaocheng635.html
东营,https://you.ctrip.com/travels/dongying612.html
青州,https://you.ctrip.com/travels/qingzhou898.html
荣成,https://you.ctrip.com/travels/rongcheng899.html
胶州,https://you.ctrip.com/travels/jiaozhou1836.html
滕州,https://you.ctrip.com/travels/tengzhou1371.html
沈阳,https://you.ctrip.com/travels/shenyang155.html
大连,https://you.ctrip.com/travels/dalian4.html
锦州,https://you.ctrip.com/travels/jinzhou513.html
丹东,https://you.ctrip.com/travels/dandong315.html
本溪,https://you.ctrip.com/travels/benxi463.html
营口,https://you.ctrip.com/travels/yingkou692.html
盘锦,https://you.ctrip.com/travels/panjin602.html
葫芦岛,https://you.ctrip.com/travels/huludao345.html
鞍山,https://you.ctrip.com/travels/anshan229.html
本溪县,https://you.ctrip.com/travels/benxicounty1446026.html
朝阳,https://you.ctrip.com/travels/chaoyang1104.html
辽阳,https://you.ctrip.com/travels/liaoyang881.html
阜新,https://you.ctrip.com/travels/fuxin879.html
抚顺,https://you.ctrip.com/travels/fushun514.html
兴城,https://you.ctrip.com/travels/xingcheng1399.html
海城,https://you.ctrip.com/travels/haicheng607.html
瓦房店,https://you.ctrip.com/travels/wafangdian2136.html
庄河,https://you.ctrip.com/travels/zhuanghe2148.html
铁岭,https://you.ctrip.com/travels/tieling589.html
绥中,https://you.ctrip.com/travels/suizhong2133.html
厦门,https://you.ctrip.com/travels/xiamen21.html
福州,https://you.ctrip.com/travels/fuzhou164.html
泉州,https://you.ctrip.com/travels/quanzhou243.html
武夷山,https://you.ctrip.com/travels/wuyishan22.html
平潭,https://you.ctrip.com/travels/pingtan2652.html
漳州,https://you.ctrip.com/travels/zhangzhou334.html
晋江,https://you.ctrip.com/travels/jinjiang675.html
霞浦,https://you.ctrip.com/travels/xiapu1154.html
莆田,https://you.ctrip.com/travels/putian317.html
三明,https://you.ctrip.com/travels/sanming620.html
南平,https://you.ctrip.com/travels/nanping827.html
龙岩,https://you.ctrip.com/travels/longyan366.html
宁德,https://you.ctrip.com/travels/ningde490.html
福清,https://you.ctrip.com/travels/fuqing1152.html
东山,https://you.ctrip.com/travels/dongshan2662.html
惠安,https://you.ctrip.com/travels/huian2680.html
闽侯,https://you.ctrip.com/travels/minhou2666.html
福鼎,https://you.ctrip.com/travels/fuding613.html
南靖,https://you.ctrip.com/travels/nanjing2672.html
长汀,https://you.ctrip.com/travels/changting1445095.html
成都,https://you.ctrip.com/travels/chengdu104.html
九寨沟,https://you.ctrip.com/travels/jiuzhaigou25.html
阿坝藏族羌族自治州,https://you.ctrip.com/travels/abaprefecture744.html
绵阳,https://you.ctrip.com/travels/mianyang915.html
稻城,https://you.ctrip.com/travels/daocheng342.html
都江堰,https://you.ctrip.com/travels/dujiangyan911.html
乐山,https://you.ctrip.com/travels/leshan103.html
宜宾,https://you.ctrip.com/travels/yibin278.html
康定,https://you.ctrip.com/travels/kangding344.html
西昌,https://you.ctrip.com/travels/xichang592.html
南充,https://you.ctrip.com/travels/nanchong782.html
峨眉山,https://you.ctrip.com/travels/emeishan24.html
小金,https://you.ctrip.com/travels/xiaojin3110.html
达州,https://you.ctrip.com/travels/dazhou910.html
广元,https://you.ctrip.com/travels/guangyuan593.html
泸州,https://you.ctrip.com/travels/luzhou604.html
简阳,https://you.ctrip.com/travels/jianyang3122.html
甘孜藏族自治州,https://you.ctrip.com/travels/ganziprefecture754.html
眉山,https://you.ctrip.com/travels/meishan914.html
理县,https://you.ctrip.com/travels/licounty1445566.html
武汉,https://you.ctrip.com/travels/wuhan145.html
宜昌,https://you.ctrip.com/travels/yichang313.html
襄阳,https://you.ctrip.com/travels/xiangyang414.html
恩施土家族苗族自治州,https://you.ctrip.com/travels/enshiprefecture487.html
荆州,https://you.ctrip.com/travels/jingzhou413.html
恩施市,https://you.ctrip.com/travels/enshishi1446196.html
十堰,https://you.ctrip.com/travels/shiyan464.html
神农架,https://you.ctrip.com/travels/shennongjia147.html
咸宁,https://you.ctrip.com/travels/xianning861.html
仙桃,https://you.ctrip.com/travels/xiantao775.html
黄石,https://you.ctrip.com/travels/huangshi710.html
孝感,https://you.ctrip.com/travels/xiaogan862.html
荆门,https://you.ctrip.com/travels/jingmen634.html
鄂州,https://you.ctrip.com/travels/ezhou858.html
丹江口,https://you.ctrip.com/travels/danjiangkou1018.html
黄冈,https://you.ctrip.com/travels/huanggang859.html
随州,https://you.ctrip.com/travels/suizhou860.html
天门,https://you.ctrip.com/travels/tianmen987.html
潜江,https://you.ctrip.com/travels/qianjiang985.html
黄梅,https://you.ctrip.com/travels/huangmei2689.html
长春,https://you.ctrip.com/travels/changchun216.html
延吉,https://you.ctrip.com/travels/yanji475.html
安图,https://you.ctrip.com/travels/antu643.html
吉林市,https://you.ctrip.com/travels/jilin267.html
抚松,https://you.ctrip.com/travels/fusong2479.html
白山,https://you.ctrip.com/travels/baishan871.html
四平,https://you.ctrip.com/travels/siping556.html
通化,https://you.ctrip.com/travels/tonghua874.html
珲春,https://you.ctrip.com/travels/hunchun2461.html
白城,https://you.ctrip.com/travels/baicheng870.html
松原,https://you.ctrip.com/travels/songyuan873.html
长白,https://you.ctrip.com/travels/changbai2463.html
梅河口,https://you.ctrip.com/travels/meihekou2468.html
敦化,https://you.ctrip.com/travels/dunhua1388.html
集安,https://you.ctrip.com/travels/jian2467.html
辽源,https://you.ctrip.com/travels/liaoyuan872.html
公主岭,https://you.ctrip.com/travels/gongzhuling1360.html
永吉,https://you.ctrip.com/travels/yongji1446019.html
蛟河,https://you.ctrip.com/travels/jiaohe2471.html
扶余,https://you.ctrip.com/travels/fuyu1446006.html
银川,https://you.ctrip.com/travels/yinchuan239.html
中卫,https://you.ctrip.com/travels/zhongwei1184.html
吴忠,https://you.ctrip.com/travels/wuzhong890.html
固原,https://you.ctrip.com/travels/guyuan888.html
灵武,https://you.ctrip.com/travels/lingwu2323.html
石嘴山,https://you.ctrip.com/travels/shizuishan889.html
盐池,https://you.ctrip.com/travels/yanchi1446190.html
中宁,https://you.ctrip.com/travels/zhongning2328.html
贺兰,https://you.ctrip.com/travels/helan2119.html
青铜峡,https://you.ctrip.com/travels/qingtongxia2330.html
平罗,https://you.ctrip.com/travels/pingluo2102.html
永宁,https://you.ctrip.com/travels/yongning2324.html
同心,https://you.ctrip.com/travels/tongxin2327.html
泾源,https://you.ctrip.com/travels/jingyuan2329.html
海原,https://you.ctrip.com/travels/haiyuan2325.html
彭阳,https://you.ctrip.com/travels/pengyang1446189.html
西吉,https://you.ctrip.com/travels/xiji1446188.html
隆德,https://you.ctrip.com/travels/longde2326.html
西安,https://you.ctrip.com/travels/xian7.html
咸阳,https://you.ctrip.com/travels/xianyang632.html
汉中,https://you.ctrip.com/travels/hanzhong486.html
延安,https://you.ctrip.com/travels/yanan423.html
宝鸡,https://you.ctrip.com/travels/baoji422.html
榆林,https://you.ctrip.com/travels/yulin485.html
渭南,https://you.ctrip.com/travels/weinan908.html
安康,https://you.ctrip.com/travels/ankang545.html
华阴,https://you.ctrip.com/travels/huayin476.html
眉县,https://you.ctrip.com/travels/meicounty2776.html
神木,https://you.ctrip.com/travels/shenmu2762.html
大荔,https://you.ctrip.com/travels/dali2748.html
留坝,https://you.ctrip.com/travels/liuba2761.html
城固,https://you.ctrip.com/travels/chenggu143839.html
商洛,https://you.ctrip.com/travels/shangluo906.html
靖边,https://you.ctrip.com/travels/jingbianxian2745.html
韩城,https://you.ctrip.com/travels/hancheng120420.html
太白,https://you.ctrip.com/travels/taibai2773.html
岐山,https://you.ctrip.com/travels/qishan2746.html
绥德,https://you.ctrip.com/travels/suide2769.html
长沙,https://you.ctrip.com/travels/changsha148.html
张家界,https://you.ctrip.com/travels/zhangjiajie23.html
郴州,https://you.ctrip.com/travels/chenzhou336.html
衡阳,https://you.ctrip.com/travels/hengyang864.html
凤凰,https://you.ctrip.com/travels/fenghuang988.html
岳阳,https://you.ctrip.com/travels/yueyang287.html
株洲,https://you.ctrip.com/travels/zhuzhou1174.html
常德,https://you.ctrip.com/travels/changde417.html
怀化,https://you.ctrip.com/travels/huaihua655.html
湘潭,https://you.ctrip.com/travels/xiangtan1417.html
长沙县,https://you.ctrip.com/travels/changshacounty1446209.html
邵阳,https://you.ctrip.com/travels/shaoyang867.html
永州,https://you.ctrip.com/travels/yongzhou869.html
吉首,https://you.ctrip.com/travels/jishou865.html
娄底,https://you.ctrip.com/travels/loudi866.html
益阳,https://you.ctrip.com/travels/yiyang868.html
浏阳,https://you.ctrip.com/travels/liuyang1337.html
韶山,https://you.ctrip.com/travels/shaoshan346.html
资兴,https://you.ctrip.com/travels/zixing1570.html
永顺,https://you.ctrip.com/travels/yongshun1446211.html
合肥,https://you.ctrip.com/travels/hefei196.html
黄山,https://you.ctrip.com/travels/huangshan120061.html
芜湖,https://you.ctrip.com/travels/wuhu457.html
阜阳,https://you.ctrip.com/travels/fuyang361.html
蚌埠,https://you.ctrip.com/travels/bengbu205.html
池州,https://you.ctrip.com/travels/chizhou825.html
安庆,https://you.ctrip.com/travels/anqing179.html
六安,https://you.ctrip.com/travels/luan502.html
黟县,https://you.ctrip.com/travels/yicounty528.html
滁州,https://you.ctrip.com/travels/chuzhou228.html
淮南,https://you.ctrip.com/travels/huainan638.html
宿州,https://you.ctrip.com/travels/suzhou672.html
马鞍山,https://you.ctrip.com/travels/maanshan503.html
宣城,https://you.ctrip.com/travels/xuancheng504.html
铜陵,https://you.ctrip.com/travels/tongling472.html
青阳,https://you.ctrip.com/travels/qingyang2613.html
亳州,https://you.ctrip.com/travels/bozhou404.html
淮北,https://you.ctrip.com/travels/huaibei657.html
金寨,https://you.ctrip.com/travels/jinzhai2623.html
泾县,https://you.ctrip.com/travels/jingcounty2616.html
南宁,https://you.ctrip.com/travels/nanning166.html
桂林,https://you.ctrip.com/travels/guilin28.html
北海,https://you.ctrip.com/travels/beihai140.html
阳朔,https://you.ctrip.com/travels/yangshuo702.html
柳州,https://you.ctrip.com/travels/liuzhou143.html
贺州,https://you.ctrip.com/travels/hezhou707.html
玉林,https://you.ctrip.com/travels/yulin141.html
崇左,https://you.ctrip.com/travels/chongzuo837.html
龙胜,https://you.ctrip.com/travels/longsheng1445120.html
大新,https://you.ctrip.com/travels/daxin963.html
防城港,https://you.ctrip.com/travels/fangchenggang698.html
梧州,https://you.ctrip.com/travels/wuzhou142.html
百色,https://you.ctrip.com/travels/baise524.html
贵港,https://you.ctrip.com/travels/guigang711.html
钦州,https://you.ctrip.com/travels/qinzhou697.html
河池,https://you.ctrip.com/travels/hechi838.html
来宾,https://you.ctrip.com/travels/laibin839.html
桂平,https://you.ctrip.com/travels/guiping418.html
平南,https://you.ctrip.com/travels/pingnan1398.html
巴马,https://you.ctrip.com/travels/bama3041.html
昆明,https://you.ctrip.com/travels/kunming29.html
丽江,https://you.ctrip.com/travels/lijiang32.html
大理市,https://you.ctrip.com/travels/dali1445616.html
西双版纳,https://you.ctrip.com/travels/xishuangbanna30.html
香格里拉,https://you.ctrip.com/travels/shangri-la106.html
大理白族自治州,https://you.ctrip.com/travels/daliprefecture31.html
景洪,https://you.ctrip.com/travels/jinghong2154.html
腾冲,https://you.ctrip.com/travels/tengchong696.html
保山,https://you.ctrip.com/travels/baoshan420.html
宁蒗,https://you.ctrip.com/travels/ninglang2169.html
德钦,https://you.ctrip.com/travels/deqin2178.html
玉龙,https://you.ctrip.com/travels/yulong1446279.html
弥勒,https://you.ctrip.com/travels/mile1342.html
芒市,https://you.ctrip.com/travels/mangshi2199.html
曲靖,https://you.ctrip.com/travels/qujing509.html
普洱,https://you.ctrip.com/travels/puer928.html
昭通,https://you.ctrip.com/travels/zhaotong929.html
建水,https://you.ctrip.com/travels/jianshui2151.html
玉溪,https://you.ctrip.com/travels/yuxi477.html
剑川,https://you.ctrip.com/travels/jianchuan2215.html
哈尔滨,https://you.ctrip.com/travels/harbin151.html
齐齐哈尔,https://you.ctrip.com/travels/qiqihar395.html
黑河,https://you.ctrip.com/travels/heihe265.html
牡丹江,https://you.ctrip.com/travels/mudanjiang264.html
漠河,https://you.ctrip.com/travels/mohe983.html
佳木斯,https://you.ctrip.com/travels/jiamusi501.html
大庆,https://you.ctrip.com/travels/daqing531.html
海林,https://you.ctrip.com/travels/hailin2240.html
伊春,https://you.ctrip.com/travels/yichun498.html
鸡西,https://you.ctrip.com/travels/jixi852.html
尚志,https://you.ctrip.com/travels/shangzhi853.html
双鸭山,https://you.ctrip.com/travels/shuangyashan854.html
鹤岗,https://you.ctrip.com/travels/hegang811.html
绥化,https://you.ctrip.com/travels/suihua856.html
五常,https://you.ctrip.com/travels/wuchang2237.html
抚远,https://you.ctrip.com/travels/fuyuan1446003.html
绥芬河,https://you.ctrip.com/travels/suifenhe855.html
七台河,https://you.ctrip.com/travels/qitaihe1179.html
大兴安岭,https://you.ctrip.com/travels/daxinganling396.html
塔河,https://you.ctrip.com/travels/tahe1445182.html
贵阳,https://you.ctrip.com/travels/guiyang33.html
遵义,https://you.ctrip.com/travels/zunyi204.html
荔波,https://you.ctrip.com/travels/libo659.html
安顺,https://you.ctrip.com/travels/anshun518.html
六盘水,https://you.ctrip.com/travels/liupanshui679.html
铜仁,https://you.ctrip.com/travels/tongren680.html
凯里,https://you.ctrip.com/travels/kaili491.html
兴义,https://you.ctrip.com/travels/xingyi519.html
雷山,https://you.ctrip.com/travels/leishan2345.html
毕节,https://you.ctrip.com/travels/bijie521.html
都匀,https://you.ctrip.com/travels/duyun678.html
关岭,https://you.ctrip.com/travels/guanling1446303.html
从江,https://you.ctrip.com/travels/congjiang2344.html
清镇,https://you.ctrip.com/travels/qingzhen1782.html
仁怀,https://you.ctrip.com/travels/renhuai1905.html
镇宁,https://you.ctrip.com/travels/zhenning2356.html
镇远,https://you.ctrip.com/travels/zhenyuan1840.html
黎平,https://you.ctrip.com/travels/liping1346.html
江口,https://you.ctrip.com/travels/jiangkou2334.html
赤水,https://you.ctrip.com/travels/chishui1770.html
乌鲁木齐,https://you.ctrip.com/travels/urumqi117.html
喀什市,https://you.ctrip.com/travels/kashgar2507.html
库尔勒,https://you.ctrip.com/travels/korla429.html
布尔津,https://you.ctrip.com/travels/burqin1010.html
喀什地区,https://you.ctrip.com/travels/kashgarprefecture124.html
伊犁,https://you.ctrip.com/travels/ili115.html
阿勒泰地区,https://you.ctrip.com/travels/altayprefecture427.html
阿克苏地区,https://you.ctrip.com/travels/aksuprefecture920.html
伊宁市,https://you.ctrip.com/travels/yining2058.html
哈密,https://you.ctrip.com/travels/hami567.html
库车,https://you.ctrip.com/travels/kuqa1345.html
塔什库尔干,https://you.ctrip.com/travels/tashikuergan2481.html
和田市,https://you.ctrip.com/travels/hotan2487.html
吐鲁番,https://you.ctrip.com/travels/turpan35.html
克拉玛依,https://you.ctrip.com/travels/karamay428.html
石河子,https://you.ctrip.com/travels/shihezi1168.html
阿克苏市,https://you.ctrip.com/travels/akesushi1446382.html
阿勒泰市,https://you.ctrip.com/travels/aletaishi2482.html
博乐,https://you.ctrip.com/travels/bole922.html
富蕴,https://you.ctrip.com/travels/fuyun2509.html
南昌,https://you.ctrip.com/travels/nanchang175.html
婺源,https://you.ctrip.com/travels/wuyuan446.html
景德镇,https://you.ctrip.com/travels/jingdezhen405.html
上饶,https://you.ctrip.com/travels/shangrao547.html
赣州,https://you.ctrip.com/travels/ganzhou473.html
庐山,https://you.ctrip.com/travels/lushan2390.html
九江,https://you.ctrip.com/travels/jiujiang877.html
宜春,https://you.ctrip.com/travels/yichun743.html
萍乡,https://you.ctrip.com/travels/pingxiang714.html
吉安,https://you.ctrip.com/travels/jian876.html
玉山,https://you.ctrip.com/travels/yushan1013.html
鹰潭,https://you.ctrip.com/travels/yingtan186.html
抚州,https://you.ctrip.com/travels/fuzhou875.html
井冈山,https://you.ctrip.com/travels/jinggangshan171.html
南昌县,https://you.ctrip.com/travels/nanchangcounty2429.html
新余,https://you.ctrip.com/travels/xinyu878.html
芦溪,https://you.ctrip.com/travels/luxi1445977.html
瑞金,https://you.ctrip.com/travels/ruijin1159.html
共青城,https://you.ctrip.com/travels/gongqingcheng143853.html
永修,https://you.ctrip.com/travels/yongxiu1848.html
兰州,https://you.ctrip.com/travels/lanzhou231.html
敦煌,https://you.ctrip.com/travels/dunhuang8.html
天水,https://you.ctrip.com/travels/tianshui285.html
张掖,https://you.ctrip.com/travels/zhangye283.html
嘉峪关,https://you.ctrip.com/travels/jiayuguan284.html
酒泉,https://you.ctrip.com/travels/jiuquan282.html
陇南,https://you.ctrip.com/travels/longnan1491.html
庆阳,https://you.ctrip.com/travels/qingyang834.html
武威,https://you.ctrip.com/travels/wuwei290.html
甘南,https://you.ctrip.com/travels/gannan426.html
金昌,https://you.ctrip.com/travels/jinchang832.html
定西,https://you.ctrip.com/travels/dingxi830.html
白银,https://you.ctrip.com/travels/baiyin828.html
平凉,https://you.ctrip.com/travels/pingliang424.html
秦安,https://you.ctrip.com/travels/qinan1446177.html
夏河,https://you.ctrip.com/travels/xiahe2792.html
永登,https://you.ctrip.com/travels/yongdeng2793.html
临泽,https://you.ctrip.com/travels/linze2791.html
陇西,https://you.ctrip.com/travels/longxi2796.html
玉门,https://you.ctrip.com/travels/yumen2800.html
西宁,https://you.ctrip.com/travels/xining237.html
格尔木,https://you.ctrip.com/travels/golmud332.html
海西,https://you.ctrip.com/travels/haixizhou120012.html
祁连,https://you.ctrip.com/travels/qilian120123.html
德令哈,https://you.ctrip.com/travels/delingha891.html
乌兰,https://you.ctrip.com/travels/wulan1446307.html
共和,https://you.ctrip.com/travels/gonghe2644.html
海东,https://you.ctrip.com/travels/haidong120010.html
茫崖,https://you.ctrip.com/travels/mangya2026914.html
民和,https://you.ctrip.com/travels/minhe1446305.html
海晏,https://you.ctrip.com/travels/haiyan1445066.html
门源,https://you.ctrip.com/travels/menyuan1446317.html
玉树市,https://you.ctrip.com/travels/yushu1446308.html
互助,https://you.ctrip.com/travels/huzhu2637.html
大通,https://you.ctrip.com/travels/datong1446304.html
果洛,https://you.ctrip.com/travels/golog120013.html
湟源,https://you.ctrip.com/travels/huangyuan2643.html
玛沁,https://you.ctrip.com/travels/maqin2640.html
贵德,https://you.ctrip.com/travels/guide2636.html
刚察,https://you.ctrip.com/travels/gangcha892.html
石家庄,https://you.ctrip.com/travels/shijiazhuang199.html
秦皇岛,https://you.ctrip.com/travels/qinhuangdao132.html
保定,https://you.ctrip.com/travels/baoding459.html
唐山,https://you.ctrip.com/travels/tangshan200.html
张家口,https://you.ctrip.com/travels/zhangjiakou497.html
承德,https://you.ctrip.com/travels/chengde135.html
邯郸,https://you.ctrip.com/travels/handan495.html
昌黎,https://you.ctrip.com/travels/changli1835.html
廊坊,https://you.ctrip.com/travels/langfang582.html
沧州,https://you.ctrip.com/travels/cangzhou540.html
邢台,https://you.ctrip.com/travels/xingtai460.html
衡水,https://you.ctrip.com/travels/hengshui461.html
正定,https://you.ctrip.com/travels/zhengding2581.html
霸州,https://you.ctrip.com/travels/bazhou1834.html
高碑店,https://you.ctrip.com/travels/gaobeidian1124.html
固安,https://you.ctrip.com/travels/guan2586.html
定州,https://you.ctrip.com/travels/dingzhou2562.html
涿州,https://you.ctrip.com/travels/zhuozhou848.html
兴隆,https://you.ctrip.com/travels/xinglong2528.html
任丘,https://you.ctrip.com/travels/renqiu1180.html
呼和浩特,https://you.ctrip.com/travels/hohhot156.html
呼伦贝尔,https://you.ctrip.com/travels/hulunbuir458.html
包头,https://you.ctrip.com/travels/baotou347.html
赤峰,https://you.ctrip.com/travels/chifeng483.html
鄂尔多斯,https://you.ctrip.com/travels/ordos600.html
通辽,https://you.ctrip.com/travels/tongliao885.html
额济纳旗,https://you.ctrip.com/travels/ejinaqi2973.html
乌兰察布,https://you.ctrip.com/travels/ulanqab1358.html
乌兰浩特,https://you.ctrip.com/travels/ulanhot1316.html
锡林浩特,https://you.ctrip.com/travels/xilinhot1373.html
乌海,https://you.ctrip.com/travels/wuhai677.html
阿尔山,https://you.ctrip.com/travels/aershan120084.html
巴彦淖尔,https://you.ctrip.com/travels/bayannur883.html
满洲里,https://you.ctrip.com/travels/manzhouli319.html
阿拉善左旗,https://you.ctrip.com/travels/alashanzuoqi143886.html
扎兰屯,https://you.ctrip.com/travels/zhalantun2972.html
克什克腾旗,https://you.ctrip.com/travels/keshenketengqi2971.html
二连浩特,https://you.ctrip.com/travels/erenhot2976.html
霍林郭勒,https://you.ctrip.com/travels/huolinguole2962.html
宁城,https://you.ctrip.com/travels/ningcheng1736.html
郑州,https://you.ctrip.com/travels/zhengzhou157.html
洛阳,https://you.ctrip.com/travels/luoyang198.html
南阳,https://you.ctrip.com/travels/nanyang591.html
开封,https://you.ctrip.com/travels/kaifeng165.html
信阳,https://you.ctrip.com/travels/xinyang448.html
新乡,https://you.ctrip.com/travels/xinxiang474.html
许昌,https://you.ctrip.com/travels/xuchang465.html
安阳,https://you.ctrip.com/travels/anyang412.html
商丘,https://you.ctrip.com/travels/shangqiu849.html
周口,https://you.ctrip.com/travels/zhoukou709.html
驻马店,https://you.ctrip.com/travels/zhumadian642.html
焦作,https://you.ctrip.com/travels/jiaozuo663.html
漯河,https://you.ctrip.com/travels/luohe664.html
栾川,https://you.ctrip.com/travels/luanchuan1930.html
平顶山,https://you.ctrip.com/travels/pingdingshan810.html
三门峡,https://you.ctrip.com/travels/sanmenxia522.html
濮阳,https://you.ctrip.com/travels/puyang581.html
中牟,https://you.ctrip.com/travels/zhongmou1446088.html
鹤壁,https://you.ctrip.com/travels/hebi595.html
新郑,https://you.ctrip.com/travels/xinzheng2264.html
太原,https://you.ctrip.com/travels/taiyuan167.html
大同,https://you.ctrip.com/travels/datong275.html
五台,https://you.ctrip.com/travels/wutai1446115.html
忻州,https://you.ctrip.com/travels/xinzhou783.html
运城,https://you.ctrip.com/travels/yuncheng397.html
平遥,https://you.ctrip.com/travels/pingyao365.html
长治,https://you.ctrip.com/travels/changzhi901.html
临汾,https://you.ctrip.com/travels/linfen318.html
晋中,https://you.ctrip.com/travels/jinzhong639.html
晋城,https://you.ctrip.com/travels/jincheng665.html
阳泉,https://you.ctrip.com/travels/yangquan904.html
吕梁,https://you.ctrip.com/travels/lvliang902.html
侯马,https://you.ctrip.com/travels/houma3019.html
朔州,https://you.ctrip.com/travels/shuozhou903.html
介休,https://you.ctrip.com/travels/jiexiu2982.html
应县,https://you.ctrip.com/travels/yingcounty3006.html
高平,https://you.ctrip.com/travels/gaoping3003.html
壶关,https://you.ctrip.com/travels/huguan1446117.html
原平,https://you.ctrip.com/travels/yuanping3014.html
山阴,https://you.ctrip.com/travels/shanyin2987.html
拉萨,https://you.ctrip.com/travels/lhasa36.html
日喀则,https://you.ctrip.com/travels/rikaze100.html
林芝,https://you.ctrip.com/travels/nyingchi126.html
山南,https://you.ctrip.com/travels/shannan339.html
阿里,https://you.ctrip.com/travels/ali99.html
米林,https://you.ctrip.com/travels/milin2448.html
定日,https://you.ctrip.com/travels/dingri2450.html
波密,https://you.ctrip.com/travels/bomi2436.html
那曲,https://you.ctrip.com/travels/naqu919.html
昌都,https://you.ctrip.com/travels/qamdo559.html
八宿,https://you.ctrip.com/travels/basu120403.html
工布江达,https://you.ctrip.com/travels/gongbujiangda120396.html
当雄,https://you.ctrip.com/travels/dangxiong2443.html
墨脱,https://you.ctrip.com/travels/motuo120397.html
贡嘎,https://you.ctrip.com/travels/gongga120408.html
普兰,https://you.ctrip.com/travels/pulan2440.html
芒康,https://you.ctrip.com/travels/mangkang2452.html
比如,https://you.ctrip.com/travels/biru120390.html
浪卡子,https://you.ctrip.com/travels/langqiazi2438.html
班戈,https://you.ctrip.com/travels/bange120384.html
东京,https://you.ctrip.com/travels/tokyo294.html
曼谷,https://you.ctrip.com/travels/bangkok191.html
新加坡,https://you.ctrip.com/travels/singapore53.html
首尔,https://you.ctrip.com/travels/seoul234.html
大阪,https://you.ctrip.com/travels/osaka293.html
普吉岛,https://you.ctrip.com/travels/phuket364.html
吉隆坡,https://you.ctrip.com/travels/kualalumpur45.html
济州市,https://you.ctrip.com/travels/jeju1446512.html
巴厘岛,https://you.ctrip.com/travels/bali438.html
京都,https://you.ctrip.com/travels/kyoto430.html
迪拜,https://you.ctrip.com/travels/dubai1062.html
马累,https://you.ctrip.com/travels/mal57616.html
札幌,https://you.ctrip.com/travels/sapporo1878.html
清迈,https://you.ctrip.com/travels/chiangmai209.html
伊斯坦布尔,https://you.ctrip.com/travels/istanbul258.html
胡志明市,https://you.ctrip.com/travels/hochiminhcity434.html
哥打京那巴鲁,https://you.ctrip.com/travels/kotakinabalu583.html
芭堤雅,https://you.ctrip.com/travels/pattaya208.html
马尼拉,https://you.ctrip.com/travels/manila367.html
福冈,https://you.ctrip.com/travels/fukuoka576.html
苏梅岛,https://you.ctrip.com/travels/kohsamui566.html
名古屋,https://you.ctrip.com/travels/nagoya2127.html
西归浦市,https://you.ctrip.com/travels/seogwipo14755.html
箱根,https://you.ctrip.com/travels/hakone60571.html
河内,https://you.ctrip.com/travels/hanoi181.html
釜山,https://you.ctrip.com/travels/busan432.html
仙本那,https://you.ctrip.com/travels/semporna14898.html
富士河口湖町,https://you.ctrip.com/travels/fujikawaguchiko60548.html
雅加达,https://you.ctrip.com/travels/jakarta435.html
芽庄,https://you.ctrip.com/travels/nhatrang670.html
伦敦,https://you.ctrip.com/travels/london309.html
巴黎,https://you.ctrip.com/travels/paris308.html
巴塞罗那,https://you.ctrip.com/travels/barcelona381.html
马德里,https://you.ctrip.com/travels/madrid378.html
法兰克福,https://you.ctrip.com/travels/frankfurt305.html
罗马,https://you.ctrip.com/travels/rome303.html
米兰,https://you.ctrip.com/travels/milan304.html
莫斯科,https://you.ctrip.com/travels/moscow358.html
阿姆斯特丹,https://you.ctrip.com/travels/amsterdam299.html
慕尼黑,https://you.ctrip.com/travels/munich572.html
爱丁堡,https://you.ctrip.com/travels/edinburgh389.html
布达佩斯,https://you.ctrip.com/travels/budapest1109.html
海参崴,https://you.ctrip.com/travels/vladivostok4690.html
维也纳,https://you.ctrip.com/travels/vienna439.html
里斯本,https://you.ctrip.com/travels/lisbon574.html
曼彻斯特,https://you.ctrip.com/travels/manchester588.html
苏黎世,https://you.ctrip.com/travels/zurich301.html
雅典,https://you.ctrip.com/travels/athens382.html
柏林,https://you.ctrip.com/travels/berlin306.html
佛罗伦萨,https://you.ctrip.com/travels/florence341.html
赫尔辛基,https://you.ctrip.com/travels/helsinki452.html
威尼斯,https://you.ctrip.com/travels/venice340.html
杜塞尔多夫,https://you.ctrip.com/travels/dusseldorf700.html
哥本哈根,https://you.ctrip.com/travels/copenhagen449.html
布拉格,https://you.ctrip.com/travels/prague822.html
圣彼得堡,https://you.ctrip.com/travels/saintpetersburg359.html
贝尔格莱德,https://you.ctrip.com/travels/belgrade21229.html
雷克雅未克,https://you.ctrip.com/travels/reykjavik1044.html
日内瓦,https://you.ctrip.com/travels/geneva302.html
布鲁塞尔,https://you.ctrip.com/travels/brussels298.html
开罗,https://you.ctrip.com/travels/cairo326.html
卡萨布兰卡,https://you.ctrip.com/travels/casablanca1693.html
内罗毕,https://you.ctrip.com/travels/nairobi795.html
毛里求斯,https://you.ctrip.com/travels/mauritius2133834.html
赫尔格达,https://you.ctrip.com/travels/hurghada1098.html
约翰内斯堡,https://you.ctrip.com/travels/johannesburg328.html
阿斯旺,https://you.ctrip.com/travels/aswan411.html
卢克索,https://you.ctrip.com/travels/luxor410.html
开普敦,https://you.ctrip.com/travels/capetown327.html
突尼斯,https://you.ctrip.com/travels/tunis940.html
马拉喀什,https://you.ctrip.com/travels/marrakech1748.html
Kafr Nassar,https://you.ctrip.com/travels/kafrnassar1639781.html
亚的斯亚贝巴,https://you.ctrip.com/travels/addisababa936.html
拉各斯,https://you.ctrip.com/travels/lagos30527.html
达累斯萨拉姆,https://you.ctrip.com/travels/daressalaam939.html
新开罗,https://you.ctrip.com/travels/newcairocity1639756.html
Nazlet El-Semman,https://you.ctrip.com/travels/nazletel-semman1640224.html
亚历山大,https://you.ctrip.com/travels/alexandria777.html
阿克拉,https://you.ctrip.com/travels/accra22026.html
沙姆沙伊赫,https://you.ctrip.com/travels/sharmelsheikh2039.html
阿尔及尔,https://you.ctrip.com/travels/algiers20448.html
Qesm Safaga,https://you.ctrip.com/travels/qesmsafaga1650008.html
德班,https://you.ctrip.com/travels/durban1810.html
温得和克,https://you.ctrip.com/travels/windhoek19988.html
塔那那利佛,https://you.ctrip.com/travels/antananarivo4540.html
塞伦盖蒂,https://you.ctrip.com/travels/serengeti1903199.html
恩德培,https://you.ctrip.com/travels/entebbe21957.html
哈拉雷,https://you.ctrip.com/travels/harare1255.html
丹吉尔,https://you.ctrip.com/travels/tangier1738.html
拉巴特,https://you.ctrip.com/travels/rabat1735.html
纽约,https://you.ctrip.com/travels/newyork248.html
洛杉矶,https://you.ctrip.com/travels/losangeles120518.html
多伦多,https://you.ctrip.com/travels/toronto355.html
温哥华,https://you.ctrip.com/travels/vancouver354.html
旧金山,https://you.ctrip.com/travels/sanfrancisco249.html
拉斯维加斯,https://you.ctrip.com/travels/lasvegas252.html
波士顿,https://you.ctrip.com/travels/boston442.html
檀香山,https://you.ctrip.com/travels/honolulu2060.html
芝加哥,https://you.ctrip.com/travels/chicago254.html
西雅图,https://you.ctrip.com/travels/seattle253.html
坎昆,https://you.ctrip.com/travels/cancun1412.html
墨西哥城,https://you.ctrip.com/travels/mexicocity352.html
奥兰多,https://you.ctrip.com/travels/orlando1827.html
塞班岛,https://you.ctrip.com/travels/saipan569.html
华盛顿,https://you.ctrip.com/travels/washingtondc257.html
蒙特利尔,https://you.ctrip.com/travels/montreal661.html
卡尔加里,https://you.ctrip.com/travels/calgary1430.html
达拉斯,https://you.ctrip.com/travels/dallas1048.html
亚特兰大,https://you.ctrip.com/travels/atlanta944.html
迈阿密,https://you.ctrip.com/travels/miami1920.html
圣地亚哥,https://you.ctrip.com/travels/sandiego1954.html
里士满,https://you.ctrip.com/travels/richmond30902.html
休斯敦,https://you.ctrip.com/travels/houston943.html
费城,https://you.ctrip.com/travels/philadelphia1825.html
底特律,https://you.ctrip.com/travels/detroit36539.html
圣加布里埃尔,https://you.ctrip.com/travels/sangabriel34495.html
剑桥,https://you.ctrip.com/travels/cambridge1444766.html
渥太华,https://you.ctrip.com/travels/ottawa356.html
哈瓦那,https://you.ctrip.com/travels/havana2010851.html
埃德蒙顿,https://you.ctrip.com/travels/edmonton1816.html
圣保罗,https://you.ctrip.com/travels/saopaulo933.html
布宜诺斯艾利斯,https://you.ctrip.com/travels/buenosaires931.html
圣地亚哥,https://you.ctrip.com/travels/santiago1447011.html
基多,https://you.ctrip.com/travels/quito1856.html
利马,https://you.ctrip.com/travels/lima934.html
里约热内卢,https://you.ctrip.com/travels/riodejaneiro932.html
波哥大,https://you.ctrip.com/travels/bogota1702.html
乌斯怀亚,https://you.ctrip.com/travels/ushuaia1685.html
库斯科,https://you.ctrip.com/travels/cusco1414.html
瓜亚基尔,https://you.ctrip.com/travels/guayaquil1504.html
麦德林,https://you.ctrip.com/travels/medellin21293.html
累西腓,https://you.ctrip.com/travels/recife1812.html
贝洛奥里藏特,https://you.ctrip.com/travels/belohorizonte13862.html
埃尔卡拉法特,https://you.ctrip.com/travels/elcalafate1625.html
巴西利亚,https://you.ctrip.com/travels/brasilia1426.html
阿雷格里港,https://you.ctrip.com/travels/portoalegre1723.html
萨尔瓦多,https://you.ctrip.com/travels/salvador1724.html
蒙特里亚,https://you.ctrip.com/travels/monteria23011.html
福斯－杜伊瓜苏,https://you.ctrip.com/travels/fozdoiguacu14022.html
弗洛里亚诺波利斯,https://you.ctrip.com/travels/florianopolis13972.html
伊瓜苏县,https://you.ctrip.com/travels/iguazu1710773.html
米拉弗洛雷斯,https://you.ctrip.com/travels/miraflores1701491.html
拉巴斯,https://you.ctrip.com/travels/lapaz1619.html
蒙得维的亚,https://you.ctrip.com/travels/montevideo1595.html
加拉加斯,https://you.ctrip.com/travels/caracas14213.html
贝伦,https://you.ctrip.com/travels/belem13910.html
马瑙斯,https://you.ctrip.com/travels/manaus13750.html
卡塔赫纳,https://you.ctrip.com/travels/cartagena21268.html
拉斯孔德斯,https://you.ctrip.com/travels/lascondes22951.html
圣克鲁斯,https://you.ctrip.com/travels/santacruz121421.html
悉尼,https://you.ctrip.com/travels/sydney236.html
墨尔本,https://you.ctrip.com/travels/melbourne312.html
奥克兰,https://you.ctrip.com/travels/auckland320.html
布里斯班,https://you.ctrip.com/travels/brisbane323.html
基督城,https://you.ctrip.com/travels/christchurch695.html
皇后镇,https://you.ctrip.com/travels/queenstown684.html
珀斯,https://you.ctrip.com/travels/perth2014499.html
The Rocks,https://you.ctrip.com/travels/therocks2127185.html
阿德莱德,https://you.ctrip.com/travels/adelaide626.html
Auckland Central,https://you.ctrip.com/travels/aucklandcentral2127608.html
楠迪,https://you.ctrip.com/travels/nadi1339.html
Haymarket,https://you.ctrip.com/travels/haymarket2126388.html
冲浪者天堂,https://you.ctrip.com/travels/surfersparadise2125845.html
凯恩斯,https://you.ctrip.com/travels/cairns453.html
南岸,https://you.ctrip.com/travels/southbank1465890.html
马斯特特,https://you.ctrip.com/travels/mascot2126788.html
墨尔本滨海港区,https://you.ctrip.com/travels/docklands1470108.html
特卡波湖,https://you.ctrip.com/travels/laketekapo57959.html
霍巴特,https://you.ctrip.com/travels/hobart629.html
卡尔敦,https://you.ctrip.com/travels/carlton2124776.html
Christchurch Central,https://you.ctrip.com/travels/christchurchcentral2128149.html
派蒙,https://you.ctrip.com/travels/pyrmont2126870.html
Chippendale,https://you.ctrip.com/travels/chippendale2126597.html
堪培拉,https://you.ctrip.com/travels/canberra321.html
迪那桡岛,https://you.ctrip.com/travels/denarauisland1950502.html
瓦纳卡,https://you.ctrip.com/travels/wanaka17172.html
惠灵顿,https://you.ctrip.com/travels/wellington755.html
Barangaroo,https://you.ctrip.com/travels/barangaroo2126548.html
汉密尔顿岛,https://you.ctrip.com/travels/hamiltonisland1344.html
Darlinghurst,https://you.ctrip.com/travels/darlinghurst2126516.html
